{
  "FD": {
    "Real 0 - Real 1": 0.002628701574304818,
    "Real 0 - Ours Adv 0": 0.002210702387530888,
    "Real 0 - Ours St 0": 2.970540062563566e-06,
    "Real 0 - MG Adv 0": 0.00023739720433647158,
    "Real 0 - SAG Adv 0": 0.000817558334625972,
    "Real 0 - SAG St 0": 1.689557918751022e-05,
    "Real 0 - Cyc Adv 0": 0.00203805404603087,
    "Real 1 - Ours Adv 0": 2.8400810335405198e-05,
    "Real 1 - Ours St 0": 0.002582931079659827,
    "Real 1 - MG Adv 0": 0.001427127279454528,
    "Real 1 - SAG Adv 0": 0.000552022696791291,
    "Real 1 - SAG St 0": 0.002395846393840816,
    "Real 1 - Cyc Adv 0": 4.5008618459454175e-05,
    "Real 1 - Real 0": 0.0026287015743995624,
    "Real 0 - Ours Adv 1": 8.610483626907996e-05,
    "Real 0 - Ours St 1": 0.0025484962516525407,
    "Real 0 - MG Adv 1": 3.0950960723926994e-05,
    "Real 0 - SAG Adv 1": 0.0012759427018791494,
    "Real 0 - SAG St 1": 0.002364646015686984,
    "Real 0 - Cyc Adv 1": 9.365542906789239e-05,
    "Real 1 - Ours Adv 1": 0.00187179914607753,
    "Real 1 - Ours St 1": 2.9819630632373166e-06,
    "Real 1 - MG Adv 1": 0.002215738608567779,
    "Real 1 - SAG Adv 1": 0.0002608369358828512,
    "Real 1 - SAG St 1": 9.65729404169682e-06,
    "Real 1 - Cyc Adv 1": 0.0019040790716119778
  }
}