{
  "JS": {
    "Real 0 - Real 0": [
      0.0,
      0.0,
      0.0,
      0.0,
      0.0,
      0.0,
      0.0
    ],
    "Real 0 - Real 1": [
      0.9947928071058798,
      0.9947928071058798,
      0.9947928071058798,
      0.9947928071058798,
      0.9947928071058793,
      0.9947905322963286,
      0.9612277791911221
    ],
    "Real 0 - Ours Adv 0": [
      0.9994529580328063,
      0.9994529580328063,
      0.9994529580328063,
      0.9994529580328063,
      0.9994529580328055,
      0.9994505588857981,
      0.9674643937978766
    ],
    "Real 0 - Ours St 0": [
      0.40657758494820667,
      0.40657758494820667,
      0.40657758494820667,
      0.40657758494820667,
      0.40657758494820656,
      0.40657713223803715,
      0.4025398226820714
    ],
    "Real 0 - MG Adv 0": [
      0.9730294378500085,
      0.9730294378500085,
      0.9730294378500085,
      0.9730294378500085,
      0.9730294378500081,
      0.9730277914011941,
      0.9429966357849141
    ],
    "Real 0 - SAG Adv 0": [
      0.9799947297971549,
      0.9799947297971549,
      0.9799947297971549,
      0.9799947297971549,
      0.9799947297971544,
      0.979993064918081,
      0.9494195803126868
    ],
    "Real 0 - SAG St 0": [
      0.683166083185542,
      0.683166083185542,
      0.683166083185542,
      0.683166083185542,
      0.683166083185542,
      0.6831656984015347,
      0.6761293777684318
    ],
    "Real 0 - Cyc Adv 0": [
      0.9972717435795886,
      0.9972717435795886,
      0.9972717435795886,
      0.9972717435795886,
      0.9972717435795879,
      0.997269456356406,
      0.9638099943493853
    ],
    "Real 1 - Ours Adv 0": [
      0.5801169375648713,
      0.5801169375648713,
      0.5801169375648713,
      0.5801169375648713,
      0.5801169375648709,
      0.5801155566383907,
      0.5699507726999589
    ],
    "Real 1 - Ours St 0": [
      0.9924460469244969,
      0.9924460469244969,
      0.9924460469244969,
      0.9924460469244969,
      0.9924460469244965,
      0.9924440965474756,
      0.9602381505282701
    ],
    "Real 1 - MG Adv 0": [
      0.9909357527736008,
      0.9909357527736008,
      0.9909357527736008,
      0.9909357527736008,
      0.9909357527736005,
      0.9909336787519186,
      0.951004419801351
    ],
    "Real 1 - SAG Adv 0": [
      0.9628909000039868,
      0.9628909000039868,
      0.9628909000039868,
      0.9628909000039868,
      0.9628909000039865,
      0.9628893266390235,
      0.9305891816676225
    ],
    "Real 1 - SAG St 0": [
      0.9894410786740918,
      0.9894410786740918,
      0.9894410786740918,
      0.9894410786740918,
      0.9894410786740913,
      0.989438914474439,
      0.9546914659801352
    ],
    "Real 1 - Cyc Adv 0": [
      0.5518735017208154,
      0.5518735017208154,
      0.5518735017208154,
      0.5518735017208154,
      0.5518735017208152,
      0.5518723815031408,
      0.5410730121310581
    ],
    "Real 1 - Real 0": [
      0.9947928071058798,
      0.9947928071058798,
      0.9947928071058798,
      0.9947928071058798,
      0.9947928071058793,
      0.9947905322963286,
      0.9612277791911221
    ],
    "Real 0 - Ours Adv 1": [
      0.7125132938081139,
      0.7125132938081139,
      0.7125132938081139,
      0.7125132938081139,
      0.7125132938081137,
      0.7125124841364,
      0.701990474766629
    ],
    "Real 0 - Ours St 1": [
      0.9936528749104587,
      0.9936528749104587,
      0.9936528749104587,
      0.9936528749104587,
      0.9936528749104583,
      0.993650877980912,
      0.9629548072743521
    ],
    "Real 0 - MG Adv 1": [
      0.5972113506626111,
      0.5972113506626111,
      0.5972113506626111,
      0.5972113506626111,
      0.5972113506626109,
      0.5972103611423025,
      0.5897301283349905
    ],
    "Real 0 - SAG Adv 1": [
      0.9890628606195474,
      0.9890628606195474,
      0.9890628606195474,
      0.9890628606195474,
      0.9890628606195468,
      0.9890607142021988,
      0.9541530419655202
    ],
    "Real 0 - SAG St 1": [
      0.9950646257331248,
      0.9950646257331248,
      0.9950646257331248,
      0.9950646257331248,
      0.9950646257331242,
      0.9950622800071329,
      0.9611266736930058
    ],
    "Real 0 - Cyc Adv 1": [
      0.747479118568854,
      0.747479118568854,
      0.747479118568854,
      0.747479118568854,
      0.7474791185688536,
      0.7474779836878488,
      0.7326736682421788
    ],
    "Real 1 - Ours Adv 1": [
      0.9797426188907967,
      0.9797426188907967,
      0.9797426188907967,
      0.9797426188907967,
      0.9797426188907964,
      0.9797407863332352,
      0.9456123906848648
    ],
    "Real 1 - Ours St 1": [
      0.2809770666337062,
      0.2809770666337062,
      0.2809770666337062,
      0.2809770666337062,
      0.28097706663370614,
      0.28097652766076925,
      0.27393927953073494
    ],
    "Real 1 - MG Adv 1": [
      0.9900959172734959,
      0.9900959172734959,
      0.9900959172734959,
      0.9900959172734959,
      0.9900959172734954,
      0.9900937978990948,
      0.9560712367656689
    ],
    "Real 1 - SAG Adv 1": [
      0.8300678531542534,
      0.8300678531542534,
      0.8300678531542534,
      0.8300678531542534,
      0.8300678531542534,
      0.8300670872599496,
      0.8135558095744932
    ],
    "Real 1 - SAG St 1": [
      0.4122052089044461,
      0.4122052089044461,
      0.4122052089044461,
      0.4122052089044461,
      0.4122052089044461,
      0.41220487605491185,
      0.40674607666174395
    ],
    "Real 1 - Cyc Adv 1": [
      0.9732426719336252,
      0.9732426719336252,
      0.9732426719336252,
      0.9732426719336252,
      0.973242671933625,
      0.9732412583481748,
      0.9412247825188745
    ]
  }
}